{
  "bpm": 106.07487487792969,
  "beats": [
    0.4643990993499756,
    0.9404081702232361,
    1.4628571271896362,
    2.0201361179351807,
    2.5774149894714355,
    3.14630389213562,
    3.7151927947998047,
    4.28408145904541,
    4.841360569000244,
    5.41024923324585,
    5.979138374328613,
    6.548027038574219,
    7.105306148529053,
    7.674194812774658,
    8.243083953857422,
    8.811972618103027,
    9.369251251220703,
    9.938140869140625,
    10.50702953338623,
    11.075918197631836,
    11.633196830749512,
    12.202085494995117,
    12.770975112915039,
    13.339863777160645,
    13.89714241027832,
    14.466031074523926,
    15.034920692443848,
    15.603809356689453,
    16.161088943481445,
    16.729976654052734,
    17.298866271972656,
    17.867753982543945
  ],
  "beat_confidence": 3.4805355072021484,
  "beat_intervals": [
    0.4760090708732605,
    0.5224489569664001,
    0.5572789907455444,
    0.5572788715362549,
    0.5688889026641846,
    0.5688889026641846,
    0.5688886642456055,
    0.557279109954834,
    0.5688886642456055,
    0.5688891410827637,
    0.5688886642456055,
    0.557279109954834,
    0.5688886642456055,
    0.5688891410827637,
    0.5688886642456055,
    0.5572786331176758,
    0.5688896179199219,
    0.5688886642456055,
    0.5688886642456055,
    0.5572786331176758,
    0.5688886642456055,
    0.5688896179199219,
    0.5688886642456055,
    0.5572786331176758,
    0.5688886642456055,
    0.5688896179199219,
    0.5688886642456055,
    0.5572795867919922,
    0.5688877105712891,
    0.5688896179199219,
    0.5688877105712891
  ]
}